length,gender
93,female
97,female
92,female
101.6,female
93,female
84.5,female
102.5,female
97.8,female
91,female
98,female
93.5,female
91.7,female
90.2,female
91.5,female
80,female
86.4,female
91.4,female
83.5,female
88,female
71,female
81.3,female
88.5,female
86.5,female
90,female
84,female
89.5,female
84,female
85,female
87,female
88,female
86.5,female
96,female
87,female
93.5,female
93.5,female
90,female
85,female
97,female
86,female
73.7,female
97,female
95,female
96,female
97,male
95,male
96,male
91,male
95,male
84.5,male
88,male
96,male
96,male
87,male
95,male
100,male
101,male
96,male
93,male
92.5,male
95,male
98.5,male
88,male
81.3,male
91.4,male
88.9,male
86.4,male
101.6,male
83.8,male
104.1,male
88.9,male
92,male
91,male
90,male
85,male
93.5,male
78,male
100.5,male
103,male
91,male
105,male
86,male
95.5,male
86.5,male
90.5,male
80,male
80,male
